date,crop,water_liters,nutrient_mg,light_hours,biomass,strategy
2025-05-27,basil,1.0955663447798671,43.17790993943712,11.461768043556047,0.08354754305010931,adaptive
2025-05-27,lettuce,0.7568871082663429,26.262372264861863,8.967345160880743,0.07953645768076496,adaptive
2025-05-27,tomato,1.4198077779315343,58.82288460470282,9.6084411589704,0.20301344325657766,adaptive
2025-05-28,basil,0.9913189394192827,42.62353469618472,10.834822722458444,0.11745826424233496,adaptive
2025-05-28,lettuce,1.014688621601853,24.124030006525448,9.691091436434395,0.057300416835195635,adaptive
2025-05-28,tomato,1.3533352020063658,65.91350313401665,8.569362319270313,0.23396095402237213,adaptive
2025-05-29,basil,0.9784845194837717,33.22978700661257,11.124665353927895,0.10133105009142801,adaptive
2025-05-29,lettuce,0.7213786058964266,24.475011933297708,9.703356705387987,0.09864381383185536,adaptive
2025-05-29,tomato,1.60353648319413,61.24929161676969,10.483660202188414,0.24863036543021486,adaptive
2025-05-30,basil,1.145758890777807,49.13719536824961,12.110380065699797,0.11065652341253907,adaptive
2025-05-30,lettuce,0.9719065124823136,24.433517860772778,10.387497993631666,0.0732896372717303,adaptive
2025-05-30,tomato,1.3999798780193065,58.496128755024166,10.83728599829667,0.18130127054460396,adaptive
2025-05-31,basil,1.149797365943732,46.70068201080925,9.259294905880015,0.09896592033273832,adaptive
2025-05-31,lettuce,0.7689542549297861,23.896644396474848,9.72025873322395,0.09732267947866327,adaptive
2025-05-31,tomato,1.5202240697785019,64.60335915489861,10.692265977955092,0.20636417868289772,adaptive
2025-06-01,basil,0.9339045304201236,37.49738377962228,11.132739005361167,0.10768660480979796,adaptive
2025-06-01,lettuce,0.8267026833507717,25.222147238792235,9.484611187031925,0.08255518509593389,adaptive
2025-06-01,tomato,1.537717782300955,64.10875705588376,7.082750681668269,0.21603610018407107,adaptive
2025-06-02,basil,1.0783954072492459,38.485058221687595,9.607214339004573,0.12842241023457263,adaptive
2025-06-02,lettuce,0.8483151576567016,27.03742771425243,10.348884346805901,0.09277346699904988,adaptive
2025-06-02,tomato,1.3750778444880893,65.59623842858798,10.66337702690681,0.2286263589914546,adaptive
2025-06-03,basil,1.0072889020275102,43.46735506349882,8.869754361536565,0.10312451466999693,adaptive
2025-06-03,lettuce,0.7522983876934709,27.520320439307103,9.850942565491845,0.08772956427265245,adaptive
2025-06-03,tomato,1.6910575932548557,60.661812156410335,11.618907022556119,0.25412460432426615,adaptive
2025-06-04,basil,1.1331432269070516,27.82230282801391,10.10331917107132,0.08794966914154373,adaptive
2025-06-04,lettuce,0.7491912642570161,30.905128271546385,10.360975901004943,0.07068165699785975,adaptive
2025-06-04,tomato,1.2713009310008951,55.715652235659675,8.701908889973684,0.18537118896995636,adaptive
2025-06-05,basil,0.9324248198251475,32.18977497797317,11.232026680505875,0.12513774256930255,adaptive
2025-06-05,lettuce,0.6665611040320071,27.579087075235865,9.563254871394513,0.11098296624810208,adaptive
2025-06-05,tomato,1.6230807547831447,50.44508190476506,9.017986383379641,0.18840600254233303,adaptive
2025-06-06,basil,0.8433126833632255,43.929614054178465,8.562857321858154,0.07946666686603472,adaptive
2025-06-06,lettuce,0.7600650829602569,22.742484317979468,8.337062301302847,0.08450515074223212,adaptive
2025-06-06,tomato,1.3419097072481185,53.14998492257466,10.822237889978263,0.2741969369678005,adaptive
2025-06-07,basil,0.9476970388754831,46.29250451828057,8.61341897172362,0.10780920321402511,adaptive
2025-06-07,lettuce,0.8111046561857376,24.41206244668064,10.248921664109346,0.1164891028463063,adaptive
2025-06-07,tomato,1.5757532052302492,70.2558892443793,9.751472766991563,0.19857158809352385,adaptive
2025-06-08,basil,0.8596585002788648,36.30758312705347,10.531545669205313,0.11913811017410958,adaptive
2025-06-08,lettuce,0.7414083107580712,29.66999147954406,9.974743992911739,0.08270362446540894,adaptive
2025-06-08,tomato,1.561862208359859,59.12492014277553,9.30700967117541,0.23037340042912308,adaptive
2025-06-09,basil,1.0680519912769446,39.27783707738226,9.448782829885554,0.12226838317483138,adaptive
2025-06-09,lettuce,1.037225456309405,27.49727785475673,10.685935525942268,0.08354097095522325,adaptive
2025-06-09,tomato,1.3774134335356543,58.79612669876095,10.912722687469332,0.21924091568584977,adaptive
2025-06-10,basil,1.0339627059909646,45.369420265236386,8.633491706547552,0.11522861966240631,adaptive
2025-06-10,lettuce,0.8252480376978063,17.45938760649159,8.93619222275558,0.05457608335583582,adaptive
2025-06-10,tomato,1.3947410636636757,68.41407609814556,10.390323907625387,0.20368914200661487,adaptive
2025-06-11,basil,1.017172770708061,29.651855840114006,9.671437865065581,0.13529150561905373,adaptive
2025-06-11,lettuce,0.7586660871640836,27.700011486738923,11.025944714036902,0.10347219052180522,adaptive
2025-06-11,tomato,1.486064473201792,49.51168335245043,7.361070555458372,0.20328959765898236,adaptive
2025-06-12,basil,0.9842311007746465,37.76172033592433,9.105741861427507,0.11592034749343669,adaptive
2025-06-12,lettuce,0.7968096690614205,22.376006424382695,12.903921851831303,0.098147068964354,adaptive
2025-06-12,tomato,1.6594276978193265,69.38230489148972,9.002378381302625,0.2148569616382525,adaptive
2025-06-13,basil,0.8809006766297705,42.65722986488656,10.245296407430269,0.1077057232738231,adaptive
2025-06-13,lettuce,0.7374773120225054,32.25746506998463,9.307537874355006,0.07724875691668402,adaptive
2025-06-13,tomato,1.3031023663956485,49.8799967182826,11.326856513007126,0.21617590849786145,adaptive
2025-06-14,basil,0.9955429951835919,34.761069180218726,11.77754854358287,0.11980418262901894,adaptive
2025-06-14,lettuce,0.707796489453163,20.826488742170167,9.801039286574042,0.08975033215751645,adaptive
2025-06-14,tomato,1.5692445368350636,58.31611485895074,8.463771869479109,0.2448088772230523,adaptive
2025-06-15,basil,1.0092003388110355,48.65993024542003,10.372391634398099,0.11762920350438669,adaptive
2025-06-15,lettuce,0.964317322543072,19.352880701875524,9.349891623959108,0.08618647814008311,adaptive
2025-06-15,tomato,1.366827919830015,63.76341569958278,10.817526780995623,0.20751332201889502,adaptive
2025-06-16,basil,1.025168858440528,48.6884551915218,10.361785059146545,0.10392923197584628,adaptive
2025-06-16,lettuce,0.8337066091107617,17.781830055148973,9.886079377400696,0.09490049472676836,adaptive
2025-06-16,tomato,1.428916065599057,50.627980704176395,8.88522722728408,0.17111744292242628,adaptive
2025-06-17,basil,0.9907400314013292,36.39968523329993,10.981898857672165,0.05445054955653842,adaptive
2025-06-17,lettuce,0.8169645686295779,27.914925990271726,9.165527719399416,0.059582132563791475,adaptive
2025-06-17,tomato,1.4531425640586981,63.07420441912255,9.226567844648182,0.1962320970802914,adaptive
2025-06-18,basil,0.9513473901538596,39.23043042924571,9.166559165907795,0.11057156849873909,adaptive
2025-06-18,lettuce,0.7882623565412167,32.21654593090432,10.283887266449373,0.07258248877943954,adaptive
2025-06-18,tomato,1.5519017829446171,61.614992322400155,11.703237824020894,0.1697901248034479,adaptive
2025-06-19,basil,0.849509515993957,37.242623199188166,11.138263109145399,0.0947280949937271,adaptive
2025-06-19,lettuce,0.7993614047047789,28.019951033279984,9.129293383048536,0.08912461622239262,adaptive
2025-06-19,tomato,1.5019177397487768,56.16435001240011,10.39715132138379,0.18888723425297604,adaptive
2025-06-20,basil,1.166918028563868,37.164908469897654,9.78548826900063,0.10698150833409421,adaptive
2025-06-20,lettuce,0.7421939076546045,22.924839666090953,10.201833232883558,0.06087850975094093,adaptive
2025-06-20,tomato,1.4827227180454992,57.02756942707736,10.860499966269963,0.20836348608249225,adaptive
2025-06-21,basil,1.0824735407530939,43.66162595500047,9.656710585819406,0.09405483182275715,adaptive
2025-06-21,lettuce,0.8911600778656923,24.836642741283313,11.195064320517574,0.10234093931724399,adaptive
2025-06-21,tomato,1.350733398145378,47.625252419381255,9.775906096933088,0.22670641256033666,adaptive
2025-06-22,basil,0.8922106433675625,43.901769604288745,10.68019995856355,0.10051209732129338,adaptive
2025-06-22,lettuce,0.9217411416903047,26.079523645111752,11.276455084165566,0.0879699552684915,adaptive
2025-06-22,tomato,1.381514536494506,62.90553763065467,9.806607440498247,0.19351102137603912,adaptive
2025-06-23,basil,1.1112623556111083,38.30155765228826,10.142475502655023,0.0708231460924964,adaptive
2025-06-23,lettuce,0.7586614043659303,25.52428751568975,9.635850902076,0.08566738618116383,adaptive
2025-06-23,tomato,1.5023868140115844,57.456041076617495,9.168033018088721,0.1946896734946605,adaptive
2025-06-24,basil,0.8926096458974566,42.194611591596626,11.000419560180903,0.12119864889909071,adaptive
2025-06-24,lettuce,0.9794728786142415,27.147580739462665,7.91220499027145,0.08868646701083178,adaptive
2025-06-24,tomato,1.3608190379732277,68.22021678686582,9.310100313615418,0.22230814904991583,adaptive
2025-06-25,basil,1.0514979780846796,31.13455877006504,10.262307532102316,0.11504790247824988,adaptive
2025-06-25,lettuce,0.6654966428774336,31.08170854421398,11.771127888261612,0.05169061396174146,adaptive
2025-06-25,tomato,1.4351335108921075,67.45997950072335,11.215993213041582,0.17932271811670233,adaptive
2025-06-26,basil,0.9584313989143968,38.41148417567149,10.971064652902868,0.08799601207137205,adaptive
2025-06-26,lettuce,0.8035157094450481,30.680461019258587,10.656889134415842,0.048570049052255,adaptive
2025-06-26,tomato,1.5886329458240647,55.63266188780799,9.7558707151043,0.215245717310332,adaptive
2025-06-27,basil,0.8587801411156721,33.714827854759726,9.749272486866564,0.09205490396137407,adaptive
2025-06-27,lettuce,0.7870501512212337,30.182416049682807,10.785338102520338,0.07850411625987112,adaptive
2025-06-27,tomato,1.717106322532854,60.0824287480729,10.133239655698643,0.19324846833256132,adaptive
2025-06-28,basil,1.120287817726583,40.3073514346228,10.716410458760619,0.11266276318019557,adaptive
2025-06-28,lettuce,0.7467645006627182,22.655756400482712,10.655943676198142,0.0767963963082619,adaptive
2025-06-28,tomato,1.5474972097870003,50.9451951580692,8.999937304226979,0.22842697466528386,adaptive
2025-06-29,basil,1.2361304628930354,36.6836560638269,11.289536098877624,0.1186094035676044,adaptive
2025-06-29,lettuce,0.9037971609650955,26.982472672104095,10.362768313423198,0.07312382961798991,adaptive
2025-06-29,tomato,1.626598352261339,57.37695731729248,11.715827922533423,0.20244994853606046,adaptive
2025-06-30,basil,1.0411795316848853,42.68501660075776,9.022309990316971,0.1150063347001428,adaptive
2025-06-30,lettuce,0.5442194866703531,20.5799986894222,8.924086815339006,0.08620397141005284,adaptive
2025-06-30,tomato,1.3679759554041826,59.54765589655708,11.409741229321762,0.21319804484807536,adaptive
2025-07-01,basil,1.127915111976665,54.34563825916062,9.736278804264021,0.09663629407925842,adaptive
2025-07-01,lettuce,0.694830479281557,23.83169929007745,10.825431722488863,0.0829352808798795,adaptive
2025-07-01,tomato,1.3438006077142939,52.01384285428246,10.02999801768069,0.1744851037936192,adaptive
2025-07-02,basil,0.8604030287906828,42.027106874595944,8.990038693301557,0.13035163553947948,adaptive
2025-07-02,lettuce,0.800628828591999,21.521801431830674,10.588510239351912,0.06918712561821803,adaptive
2025-07-02,tomato,1.5509008537255102,61.9353807921706,10.108925075408886,0.17878430175732626,adaptive
2025-07-03,basil,0.9832991323862136,47.82229961203806,11.111620499798315,0.11694033152796444,adaptive
2025-07-03,lettuce,0.7227611363129874,12.861821872237982,10.122480551310995,0.07648171933727775,adaptive
2025-07-03,tomato,1.6141647377963046,61.93867403896796,9.529584685381067,0.23910457263084908,adaptive
2025-07-04,basil,1.1543436278067543,53.81757756993604,10.431465623650546,0.12233841679304394,adaptive
2025-07-04,lettuce,0.8369836841361183,22.19336690168879,11.20007949809622,0.08929260245909065,adaptive
2025-07-04,tomato,1.4930520715462638,61.189366524918114,10.881321555010263,0.22453622857166913,adaptive
2025-07-05,basil,1.1157434123024255,33.04266022094053,8.850202977646331,0.10354372127941959,adaptive
2025-07-05,lettuce,0.8140428491118883,25.629487620612007,10.574940670360535,0.09831824780961336,adaptive
2025-07-05,tomato,1.5633695673113008,52.91898754317319,8.990666559427918,0.22913918011308682,adaptive
2025-07-06,basil,1.0721300778807474,41.91812898345706,8.734212360569574,0.07715128161661311,adaptive
2025-07-06,lettuce,0.8668044845702872,22.194038313702933,10.095454309547732,0.06635169047775506,adaptive
2025-07-06,tomato,1.4479785362235504,60.13763865277599,9.21944049490871,0.2542968258518553,adaptive
2025-07-07,basil,1.1298563118988163,41.314474463310454,9.073581899691002,0.1486977336766457,adaptive
2025-07-07,lettuce,0.921569727950662,39.0587714527411,10.423281545613946,0.03496760205290144,adaptive
2025-07-07,tomato,1.3376557916397636,61.1619164063597,8.423288492909986,0.21874212158885634,adaptive
2025-07-08,basil,1.0262617077507954,43.786024804629626,11.454624547688223,0.08181451784319999,adaptive
2025-07-08,lettuce,0.6200986708594933,22.641110853205976,7.913380701697239,0.09811822453507488,adaptive
2025-07-08,tomato,1.6000040963427633,66.54786357186379,10.255450061516738,0.1780741699180895,adaptive
2025-07-09,basil,0.898767707793914,40.19754643942663,10.72469863860694,0.12564187232877574,adaptive
2025-07-09,lettuce,0.8092664359942171,25.364553002224255,11.325774734308178,0.07315526536018517,adaptive
2025-07-09,tomato,1.5519339668402061,60.61889623423063,9.267689862238306,0.19747457577513985,adaptive
2025-07-10,basil,1.174371188172095,35.13362027540665,12.263822945687428,0.13135912933213723,adaptive
2025-07-10,lettuce,0.896772005492075,26.31997912328516,10.608905111010998,0.12032090690547058,adaptive
2025-07-10,tomato,1.4274846722463184,69.0156588721083,9.754442905560577,0.2598448809994509,adaptive
2025-07-11,basil,0.8878567023248068,36.182558658350615,10.201078950371794,0.1039476094438686,adaptive
2025-07-11,lettuce,0.8040794607090093,22.188665518763244,10.791215556977297,0.09847923677239985,adaptive
2025-07-11,tomato,1.3699161988438715,55.302415020363725,9.13939563578909,0.18579733055828612,adaptive
2025-07-12,basil,1.0370672824131804,33.70596779023259,9.841469987562816,0.11323458379080208,adaptive
2025-07-12,lettuce,0.8355495934229542,16.717698069998246,9.905211728638964,0.07653783658809292,adaptive
2025-07-12,tomato,1.5536078399765079,67.45301960648281,10.669542004500833,0.263638119149823,adaptive
2025-07-13,basil,0.957839554360011,47.397043379093176,11.095819140436305,0.10700175219327462,adaptive
2025-07-13,lettuce,0.9103576000790291,28.80171222501123,9.439809100328235,0.07997801209813994,adaptive
2025-07-13,tomato,1.4219724170112666,58.11440150468303,11.034684959183497,0.1974295815030741,adaptive
2025-07-14,basil,0.8439310313038769,41.88738305173972,9.89349763387446,0.08930264082980502,adaptive
2025-07-14,lettuce,0.6860912795614951,26.417334281637547,9.511132685197095,0.06718289302226427,adaptive
2025-07-14,tomato,1.4977616776556588,62.38017448334088,9.14233028410416,0.21548675717140742,adaptive
2025-07-15,basil,1.0878752813534882,38.76793418631393,10.164846566535354,0.09221808862309003,adaptive
2025-07-15,lettuce,0.7544073352330164,25.893473780382,9.718100609090616,0.07466004491983058,adaptive
2025-07-15,tomato,1.4267907980502694,61.74526189196428,9.00537598238632,0.2243901596194487,adaptive
2025-07-16,basil,1.1554863966935887,41.165175710472624,9.489254836148879,0.07551258541298227,adaptive
2025-07-16,lettuce,0.6502788396748702,21.604746564220072,10.78464234823746,0.09427461333268165,adaptive
2025-07-16,tomato,1.4500188138839203,53.6827573747036,9.02969090394757,0.20945178136612091,adaptive
2025-07-17,basil,0.9263016060670625,31.453103492849536,11.685319464134679,0.12146754866321988,adaptive
2025-07-17,lettuce,0.6077193358622811,31.61222925149209,9.886394168519006,0.09219887918802264,adaptive
2025-07-17,tomato,1.4600416449382916,60.396577594793236,10.087669261826845,0.20862577292799273,adaptive
2025-07-18,basil,1.0846073783860137,43.664131940995375,9.647777729277777,0.12093249752476942,adaptive
2025-07-18,lettuce,0.7576868918562392,31.451977708289483,10.411363361483097,0.08870389100176156,adaptive
2025-07-18,tomato,1.4387177731331748,52.090172948960216,9.602248551278427,0.2437345579637879,adaptive
2025-07-19,basil,0.9316050350868201,43.990875969320115,10.62056715339996,0.08995951894249539,adaptive
2025-07-19,lettuce,0.8157238995744209,25.45413994123715,9.822163699678065,0.0877708592201453,adaptive
2025-07-19,tomato,1.4418036343582656,62.680886574153114,10.992426097197287,0.205009993487562,adaptive
2025-07-20,basil,1.0044996860549213,30.852394594935184,9.84526433099236,0.08435995101969294,adaptive
2025-07-20,lettuce,0.8814595141909081,25.025409556126,9.685171798790353,0.05048603988956648,adaptive
2025-07-20,tomato,1.744169377148638,57.16318198797457,10.060869372480894,0.2044672320055289,adaptive
2025-07-21,basil,0.8696013692356306,48.343447432716445,10.057395428434134,0.056222113304420285,adaptive
2025-07-21,lettuce,0.6575177016195624,19.993044620575596,9.447636338661765,0.0735873298618284,adaptive
2025-07-21,tomato,1.3785776052597443,57.82845742123072,9.39837993276068,0.21834088502868146,adaptive
2025-07-22,basil,0.7797622074522943,44.16683722854124,10.435275742821247,0.12523880650828503,adaptive
2025-07-22,lettuce,0.8235187009959682,15.183820293650689,10.808623801436376,0.08389932979750933,adaptive
2025-07-22,tomato,1.424293282353254,60.904751436323934,11.061002954165799,0.22493219468213904,adaptive
2025-07-23,basil,0.9536528802918244,45.51079719784541,12.669827618746767,0.06004733609913447,adaptive
2025-07-23,lettuce,0.860411960623203,34.48254663168364,9.145106601690205,0.038295588017047404,adaptive
2025-07-23,tomato,1.5291516565456753,48.2718310999614,10.965193134757214,0.18883651506506358,adaptive
2025-07-24,basil,0.9566460445131766,42.95967319870487,9.001484850577736,0.08024484192406123,adaptive
2025-07-24,lettuce,0.8513275294198223,32.136353281148615,9.934457829006893,0.07190035654588077,adaptive
2025-07-24,tomato,1.320939953679144,56.40770854335746,10.844585392280893,0.20896224755331655,adaptive
2025-07-25,basil,1.1652131087251387,50.40053897503656,9.83638301230612,0.10029715712322028,adaptive
2025-07-25,lettuce,0.5800518094869554,23.712652118509954,9.813171013005372,0.08718045592984472,adaptive
2025-07-25,tomato,1.5204238422419238,57.756892201520536,8.556180484955357,0.20837916731467768,adaptive
2025-07-26,basil,0.7802359070213637,38.589309272496735,8.643534425698174,0.12273071551779241,adaptive
2025-07-26,lettuce,0.8875747424143177,14.907958765796758,9.765572367828183,0.07374230837082711,adaptive
2025-07-26,tomato,1.4918571099066122,62.73157496974846,8.205793396546019,0.18356288815404254,adaptive
2025-07-27,basil,0.8448557503646116,38.40266422774878,9.907733077890427,0.10695062365092695,adaptive
2025-07-27,lettuce,0.7864556060708151,21.520427383341705,10.298495682298043,0.10552382198861246,adaptive
2025-07-27,tomato,1.5010364315497855,53.13924348061797,9.290974181488147,0.2290281252267805,adaptive
2025-07-28,basil,1.1961290157248667,45.445574896995176,9.909498186789065,0.0918323017364181,adaptive
2025-07-28,lettuce,0.7752561520339948,24.386270572237496,10.460086825846433,0.1362428094027401,adaptive
2025-07-28,tomato,1.630093907799874,60.357909445868,10.026861128858055,0.24816557079750667,adaptive
2025-07-29,basil,0.9928966480071549,42.97044172088202,10.294645812132828,0.14404378185392466,adaptive
2025-07-29,lettuce,0.792210466063937,27.338562821591577,10.607222481047092,0.10615357931483269,adaptive
2025-07-29,tomato,1.6724979462173484,58.06419470456684,9.558224992800758,0.22081571044309042,adaptive
2025-07-30,basil,1.063685905026002,38.214122842773165,9.413638445599602,0.13831486709684715,adaptive
2025-07-30,lettuce,0.9798737569877887,18.18636198914216,8.837371041631243,0.10845665107303547,adaptive
2025-07-30,tomato,1.5523087541243452,61.326660994684694,9.253973577815147,0.18876595373457028,adaptive
2025-07-31,basil,1.0367248160869815,35.74125811811096,9.836715403260019,0.11723871874792521,adaptive
2025-07-31,lettuce,0.7563074586299253,22.86651049325658,8.865859554966235,0.08270565161839075,adaptive
2025-07-31,tomato,1.6455650947333993,64.65476776474888,11.073093065870655,0.1833879315978295,adaptive
2025-08-01,basil,1.0290584943691345,37.585831686797995,10.27704446584703,0.05723099244008926,adaptive
2025-08-01,lettuce,0.8198122065545814,26.183493439395193,10.962304765586373,0.10300597250150012,adaptive
2025-08-01,tomato,1.40814180686353,64.38044328993817,10.691712460900645,0.2391041523214652,adaptive
2025-08-02,basil,0.91253722261613,32.20688427081106,10.686528623040676,0.11271236423062399,adaptive
2025-08-02,lettuce,0.9954306460954655,23.30034921429044,8.84573190198385,0.100171141125163,adaptive
2025-08-02,tomato,1.6318529336780043,70.3746786950857,9.465799311205355,0.2257267166691846,adaptive
2025-08-03,basil,1.0550852120093566,39.424956327686125,10.390259593152946,0.10543371540183552,adaptive
2025-08-03,lettuce,0.8065674074959882,13.017380368232605,9.442067245750996,0.08242348580592525,adaptive
2025-08-03,tomato,1.625584191158462,58.848456377202936,11.54054433833828,0.20894873798900096,adaptive
2025-08-04,basil,0.9923866870825025,44.515322179692184,11.213442520140951,0.1349537092397266,adaptive
2025-08-04,lettuce,0.8470440135616124,28.13747730679076,9.907548652759674,0.07452052664487271,adaptive
2025-08-04,tomato,1.3735070066076458,59.11059667500825,9.397846954722667,0.21192890537181802,adaptive
2025-08-05,basil,0.8212695257533689,32.447383607569364,10.121921476700626,0.10676358462606814,adaptive
2025-08-05,lettuce,0.7667201545779859,38.2149048043291,9.67113630200232,0.09760776230739056,adaptive
2025-08-05,tomato,1.470178660611195,61.56481256893154,8.78752427992996,0.2382968921969877,adaptive
2025-08-06,basil,1.091322153340361,38.355491173893526,9.195212359867972,0.12573332838641493,adaptive
2025-08-06,lettuce,0.7750950671747981,23.0497700198869,9.409288873251016,0.08624756666888168,adaptive
2025-08-06,tomato,1.3027979171107211,52.58928094989999,10.789693500626887,0.209931740125205,adaptive
2025-08-07,basil,0.8438482568061954,33.431602068114415,9.456682325060207,0.0851216537552814,adaptive
2025-08-07,lettuce,0.6863054707976397,26.093677458891637,9.489342042324614,0.08058304217244829,adaptive
2025-08-07,tomato,1.8141307030387603,55.05947548344953,9.451493772081559,0.1844084770853227,adaptive
2025-08-08,basil,1.0426981940386129,31.167600463706663,7.834911491601282,0.0745776813867072,adaptive
2025-08-08,lettuce,0.7178005305067467,23.232722312789004,12.374410051700014,0.10639126940528561,adaptive
2025-08-08,tomato,1.5689456332710354,73.85471561250144,11.108637405250642,0.2360535074678215,adaptive
2025-08-09,basil,0.9626177121612886,38.31809912486077,10.026064699181568,0.09529831865822527,adaptive
2025-08-09,lettuce,0.8748317986995963,32.8231216478052,9.768472591757813,0.04626214031446397,adaptive
2025-08-09,tomato,1.4803614265681555,51.092998554517294,8.487315127094794,0.23719336929358562,adaptive
2025-08-10,basil,0.949464196556868,41.498465210139834,9.18343826377516,0.07653676425103077,adaptive
2025-08-10,lettuce,0.7642266764555413,25.206246974359743,10.503762407681968,0.14191139785853832,adaptive
2025-08-10,tomato,1.2825776767836674,65.58140251434483,11.129062655902828,0.22593419136486242,adaptive
2025-08-11,basil,0.9895141929031432,50.824131435614134,11.24546564113151,0.10835869442316778,adaptive
2025-08-11,lettuce,0.6144540099470021,19.271865446048174,10.265838195184886,0.0730305536319938,adaptive
2025-08-11,tomato,1.6482144312739195,62.98409505247668,9.523004645824152,0.22499041595464353,adaptive
2025-08-12,basil,0.9280693020208186,35.89496035149156,9.661649593452944,0.08802397015863879,adaptive
2025-08-12,lettuce,0.9250956214939282,33.556260830533716,10.263581728912147,0.11508753421545824,adaptive
2025-08-12,tomato,1.5691038915692808,55.78432070398083,9.985424349998357,0.23663659772630455,adaptive
2025-08-13,basil,0.9789368184126631,39.7258559497951,9.532336330074308,0.12427066305698914,adaptive
2025-08-13,lettuce,0.6174305998816347,23.139296146970015,10.40023299095158,0.12063151910923113,adaptive
2025-08-13,tomato,1.3605373494026745,58.7483408253335,9.37268116477355,0.20646007177413264,adaptive
2025-08-14,basil,0.9313944443997573,45.19269255259802,10.973185512740379,0.08785075410679886,adaptive
2025-08-14,lettuce,0.5984164834176329,20.709852154306354,8.560564991819872,0.06800955490076369,adaptive
2025-08-14,tomato,1.4717166747819048,52.886796307255295,10.41960993785075,0.176343887952425,adaptive
2025-08-15,basil,0.9475440135869659,36.83149737632615,11.94560175489877,0.10257015752858178,adaptive
2025-08-15,lettuce,0.7179625447285028,23.250297336994862,11.471709374983131,0.09726965507007726,adaptive
2025-08-15,tomato,1.5625182374737898,59.29711609134372,10.021264689453142,0.19358064927119722,adaptive
2025-08-16,basil,1.1140332262840782,35.009777634095265,9.790981076782272,0.0940556425830369,adaptive
2025-08-16,lettuce,0.8200576062192645,33.56696690160047,9.196605987729521,0.081775779179524,adaptive
2025-08-16,tomato,1.4545497975079518,54.41973176234451,8.4813287260553,0.21671396636969667,adaptive
2025-08-17,basil,0.9572013239949718,37.86171309304231,9.946849692671453,0.1143715095207899,adaptive
2025-08-17,lettuce,0.8490480397335667,24.84163030011889,11.62888493923949,0.0697980568903877,adaptive
2025-08-17,tomato,1.5396803848456766,60.37037137815232,10.744975955049735,0.19082313610853305,adaptive
2025-08-18,basil,1.1815803388011412,40.23812977564607,9.969886182638518,0.12806770856618524,adaptive
2025-08-18,lettuce,0.7728944487302967,21.804370010492274,8.999222458998675,0.07776008464844508,adaptive
2025-08-18,tomato,1.492396312187083,57.30728589992662,10.298027079412808,0.23920720141212898,adaptive
2025-08-19,basil,1.0058300949250458,44.05465844923849,8.452439983872255,0.09030175439098836,adaptive
2025-08-19,lettuce,0.7029807342028912,22.76542338577829,9.610670345659791,0.11632946194610959,adaptive
2025-08-19,tomato,1.459778154680805,58.18836095340274,7.649418588951537,0.21834471964446922,adaptive
2025-08-20,basil,0.9544479208391526,38.375163676708894,9.191595714497792,0.09707344389135729,adaptive
2025-08-20,lettuce,0.7735814058243162,21.298962625336934,9.057486286273713,0.07330186914006376,adaptive
2025-08-20,tomato,1.3865782464064602,54.12028008754888,10.420358802657283,0.18916143258566226,adaptive
2025-08-21,basil,0.9770610065295826,35.804745099516296,10.14430760749056,0.07842060530566937,adaptive
2025-08-21,lettuce,0.808840759200501,12.685171502774555,9.09520770464219,0.08925141825470491,adaptive
2025-08-21,tomato,1.6577977268961213,62.06570391170833,10.580656599776312,0.17147888044872986,adaptive
2025-08-22,basil,1.0243634351712867,43.45864109195251,9.223966559635086,0.10814718964472315,adaptive
2025-08-22,lettuce,0.8777325671125871,28.872311357605746,11.826870336456064,0.12821948602090527,adaptive
2025-08-22,tomato,1.4939716102893632,54.30642555330854,11.666668129547821,0.1652550219845154,adaptive
2025-08-23,basil,1.217576269943133,38.52623983559245,9.511789368769222,0.0721349777317787,adaptive
2025-08-23,lettuce,0.7082651213694015,26.071631680567496,9.796442165007518,0.0758641716389703,adaptive
2025-08-23,tomato,1.3581806898685076,56.10632543322387,10.165372500392072,0.18152868671044917,adaptive
2025-08-24,basil,0.9955567523909039,42.32996507059752,10.247068449743843,0.09792263003273406,adaptive
2025-08-24,lettuce,0.7737924283314248,35.286470114450324,9.361428390758167,0.04454344339977818,adaptive
2025-08-24,tomato,1.5934718462895223,62.279411201661866,8.95591367677407,0.22108365859254023,adaptive
2025-08-25,basil,1.1074759027354004,32.51100659301054,9.061430135675074,0.0841773551758607,adaptive
2025-08-25,lettuce,0.8517045910046979,23.214780527500338,9.41495138067289,0.11172357074337906,adaptive
2025-08-25,tomato,1.6510241299832393,62.2664797785455,10.811419516264506,0.23150548470901997,adaptive
2025-08-26,basil,0.9596296547853762,41.98657696023041,10.452374952644774,0.07940000987029643,adaptive
2025-08-26,lettuce,0.7402895722959705,25.107905654313004,8.807272467672677,0.1133221930528124,adaptive
2025-08-26,tomato,1.4115017006775983,62.14743471567218,9.45293102728274,0.18518419100101366,adaptive
2025-08-27,basil,1.1751255030700236,42.89831077596635,7.773193031553701,0.12261188420826337,adaptive
2025-08-27,lettuce,0.7915111371084491,27.60511719083588,10.596628392116285,0.07494708687191401,adaptive
2025-08-27,tomato,1.424343513250795,55.26020604690419,8.428319445890454,0.2384573515292487,adaptive
2025-08-28,basil,0.9715731890757942,33.56252392300884,9.28231222821691,0.09390012650910472,adaptive
2025-08-28,lettuce,0.7991682167620211,27.036854354381664,9.342512997589383,0.051359553997796153,adaptive
2025-08-28,tomato,1.4571934647259863,58.11103097804555,9.791225054944674,0.19830759312459859,adaptive
2025-08-29,basil,0.634959213901143,35.990891877717395,11.512002916522512,0.12129627560413364,adaptive
2025-08-29,lettuce,0.821789111333593,28.461925030558046,12.671550803996046,0.09703304950183664,adaptive
2025-08-29,tomato,1.4956922763655225,61.734250007766825,10.213169505428244,0.2145574411003536,adaptive
2025-08-30,basil,1.1523227352219605,40.97385037320291,8.402912194116634,0.1040685642884668,adaptive
2025-08-30,lettuce,0.8209162198465236,32.05774422410456,9.769607448625745,0.10616636085683243,adaptive
2025-08-30,tomato,1.4816588086075215,59.38300890966655,10.801064033930064,0.20732142368266088,adaptive
2025-08-31,basil,1.0777795397025556,33.13401157209026,10.669417217874301,0.061248626351034306,adaptive
2025-08-31,lettuce,0.8298198354203219,31.312543292008254,10.680994294625295,0.07847549849070305,adaptive
2025-08-31,tomato,1.353029367221743,59.586630697575465,9.807638178058301,0.21126128080407586,adaptive
2025-09-01,basil,1.0502604091946588,41.234627363756346,11.87148834573126,0.06551178716872455,adaptive
2025-09-01,lettuce,0.6754490611270996,22.370931673370052,11.304894997455966,0.09046124907778798,adaptive
2025-09-01,tomato,1.5658067458050016,58.7864798709717,9.70232825768038,0.21921870823121617,adaptive
2025-09-02,basil,0.9826644669754185,41.00808579491661,8.906917620422886,0.12010855688292563,adaptive
2025-09-02,lettuce,0.7852824910677454,26.80191231330317,9.24864110720339,0.10356497633012962,adaptive
2025-09-02,tomato,1.4431320461734634,50.634652840782366,10.421934871096937,0.19411749059570688,adaptive
2025-09-03,basil,0.9143677315213412,32.3973605937325,10.646594805604037,0.11167960932139483,adaptive
2025-09-03,lettuce,0.6901362906420008,16.568772425202713,9.127422510213329,0.08699092191098282,adaptive
2025-09-03,tomato,1.4978003548961105,60.99344658976546,11.846928507912343,0.23435570479029597,adaptive
2025-09-04,basil,1.1362790142236594,36.29956763971889,9.347598196266265,0.08832618372455471,adaptive
2025-09-04,lettuce,0.9842022243564081,25.095624478048073,10.66031471969706,0.07642660501591769,adaptive
2025-09-04,tomato,1.7107351893390628,63.677071002834175,9.337431017155147,0.18736579463189174,adaptive
2025-09-05,basil,0.9727451599918827,48.65515780882164,9.713823509708549,0.06414198108816183,adaptive
2025-09-05,lettuce,0.8688634669610011,22.68469192712554,11.133089641048675,0.0748125863603199,adaptive
2025-09-05,tomato,1.7939077738990257,69.29333718202116,9.075020357646261,0.23512796864555097,adaptive
2025-09-06,basil,1.0511181366596773,38.81432975326857,10.89173758970202,0.09180590270307722,adaptive
2025-09-06,lettuce,0.9043969627837688,35.55919816635809,9.613471883888929,0.07852871627480537,adaptive
2025-09-06,tomato,1.59329243294619,68.48990911895787,10.478697160711905,0.21760446414094478,adaptive
2025-09-07,basil,1.081319416087483,47.16933488696171,8.919306355890713,0.08693322994464761,adaptive
2025-09-07,lettuce,0.7467341666740905,22.60626024285568,9.789978624441632,0.05527860352444632,adaptive
2025-09-07,tomato,1.5078501667837805,62.280271213798635,8.505823841965476,0.21798243498067196,adaptive
2025-09-08,basil,0.9646331295405777,39.44681061607102,9.944106559728796,0.1364555497102044,adaptive
2025-09-08,lettuce,0.5728866374792487,29.58347299538582,8.881870920975237,0.11392336166158731,adaptive
2025-09-08,tomato,1.5735391800767928,67.79331640388148,10.214943452832951,0.23528484096480254,adaptive
2025-09-09,basil,1.0969780325390226,31.768948632060514,9.772108092328388,0.07056394016664833,adaptive
2025-09-09,lettuce,0.8614448196972881,25.179668625663332,9.96835154076669,0.06000546264043103,adaptive
2025-09-09,tomato,1.248482398457047,56.550608615394125,10.010974669859706,0.21532273073207012,adaptive
2025-09-10,basil,1.111472060400774,41.47126340016382,9.800607482962445,0.11986927750242268,adaptive
2025-09-10,lettuce,0.8386786251306004,30.786019099232668,8.836902029122756,0.09209268337375952,adaptive
2025-09-10,tomato,1.4989389750813003,56.69044727438113,11.18926054358905,0.25357662332592446,adaptive
2025-09-11,basil,0.9623562237903673,38.25417423015061,10.089490183939507,0.11054450455796604,adaptive
2025-09-11,lettuce,0.8073599269193383,25.81313812480402,8.925812598500704,0.10988645219649844,adaptive
2025-09-11,tomato,1.4568170398342515,62.4500146694569,11.08190102676656,0.19627356516651423,adaptive
2025-09-12,basil,0.9215632416243655,38.21040679379398,8.650901476358449,0.09414578155469147,adaptive
2025-09-12,lettuce,0.6832290034687658,34.708607485026775,7.927547976179026,0.0594790949568031,adaptive
2025-09-12,tomato,1.5051354148574614,61.75704745562214,11.88388954721879,0.22153191507494985,adaptive
2025-09-13,basil,0.9865163263709144,45.900137239570135,11.501093393636907,0.08047052232728966,adaptive
2025-09-13,lettuce,0.7872793088586778,30.854496088913447,9.741806676367545,0.057844538418485344,adaptive
2025-09-13,tomato,1.4444999384898465,55.82953148676867,9.820901757078921,0.19995806751823136,adaptive
2025-09-14,basil,1.0868266401078341,38.58495540632711,10.311471681861665,0.14313901445601096,adaptive
2025-09-14,lettuce,0.7552348995504404,17.515393353035893,6.80589128272109,0.07970666476530543,adaptive
2025-09-14,tomato,1.5805693773334681,57.08302614204656,10.327449635518512,0.18417654902679767,adaptive
2025-09-15,basil,0.8791420415164048,41.80714460222279,10.456786119266823,0.08096253550702606,adaptive
2025-09-15,lettuce,0.8980356330775912,36.74946518351985,11.679754365846518,0.06274073329433852,adaptive
2025-09-15,tomato,1.4967951169211418,64.28067592881268,11.032290629750968,0.21017196091646545,adaptive
2025-09-16,basil,0.8899107451657063,38.38812889912627,8.454114291204089,0.12003616599814107,adaptive
2025-09-16,lettuce,0.912815772261909,26.708806766561068,10.300788270171306,0.08052573356995142,adaptive
2025-09-16,tomato,1.6278042806362913,57.147050708968436,9.083096933004525,0.21601793851157192,adaptive
2025-09-17,basil,0.9699673816709221,46.78272988853938,9.865863683098143,0.09081905847370783,adaptive
2025-09-17,lettuce,0.896679113548111,19.625498202580946,9.347767348219007,0.06842424308426792,adaptive
2025-09-17,tomato,1.517267992949799,67.2397800502123,8.693632871113513,0.2042556696858013,adaptive
2025-09-18,basil,0.9775753735528976,35.35852123981698,10.907289882207385,0.09009499839800675,adaptive
2025-09-18,lettuce,0.7951723954791377,32.155346696662775,11.159541619015716,0.10856670267230169,adaptive
2025-09-18,tomato,1.474305173011092,61.71992560882791,9.400975820034104,0.19363831123346367,adaptive
2025-09-19,basil,0.9648048846532229,38.5656694140721,11.244283787332819,0.12730505273828183,adaptive
2025-09-19,lettuce,0.808766668286233,27.95639854491747,9.041352595501307,0.06967858649245094,adaptive
2025-09-19,tomato,1.5147057696482338,61.12610616223715,8.212991367815071,0.20769096964660377,adaptive
2025-09-20,basil,1.21389816203355,40.893625923784775,9.401077505358677,0.08333802190138742,adaptive
2025-09-20,lettuce,0.7372904502576333,21.397591640748878,10.628781111806369,0.09174136480648971,adaptive
2025-09-20,tomato,1.5917855035347088,55.05384892018251,9.600383996244325,0.22685062348575333,adaptive
2025-09-21,basil,0.8982280705356739,31.103177464927214,9.08400492722744,0.11445961901267704,adaptive
2025-09-21,lettuce,0.7041308749759493,25.44561558796382,9.74580887381571,0.09440618232848871,adaptive
2025-09-21,tomato,1.4491842219151105,60.95813272684473,10.847796924117642,0.22486234150520348,adaptive
2025-09-22,basil,1.0072032956257553,42.320855575802234,7.652540129950915,0.07108334085642615,adaptive
2025-09-22,lettuce,0.7887047013078811,29.286440774391558,8.94251089386692,0.0703934077757952,adaptive
2025-09-22,tomato,1.572279903069136,60.79166763438692,12.084933862602943,0.19115513140249932,adaptive
2025-09-23,basil,0.9830581747084048,38.24379098011381,10.837074293672543,0.1321955936243613,adaptive
2025-09-23,lettuce,0.7112687818276225,26.8456122568486,8.45810826458812,0.09632050084513859,adaptive
2025-09-23,tomato,1.4649781089673035,47.98358596831701,9.743333989672577,0.22269635398264948,adaptive
2025-09-24,basil,1.1280614688829966,34.950782856309374,10.11612421562975,0.10005755165669003,adaptive
2025-09-24,lettuce,0.7085414243785602,22.594841173429632,9.993699774802653,0.07582970475833463,adaptive
2025-09-24,tomato,1.6459544578587553,68.00216229485986,11.486217992339824,0.2613677839822699,adaptive
2025-09-25,basil,1.1370479966464306,30.615472792836286,10.22321444254865,0.09101309769739155,adaptive
2025-09-25,lettuce,0.7646607335237009,17.37485928173225,8.619432689156518,0.10143028866213505,adaptive
2025-09-25,tomato,1.3004040160147348,63.81871155531876,10.288301978624826,0.2233216605744839,adaptive
2025-09-26,basil,0.9636146847659941,48.09407043017451,8.114663864449678,0.1091139320491334,adaptive
2025-09-26,lettuce,0.8049505509452473,27.310275003205856,9.369790738351632,0.10983468971063047,adaptive
2025-09-26,tomato,1.4177081240570353,64.92544558330418,8.57146637812453,0.19406356334610533,adaptive
2025-09-27,basil,1.0344337076461187,32.766598877499305,10.636936374770912,0.08483570762707895,adaptive
2025-09-27,lettuce,0.8332535235757247,24.848198550796727,9.410309686417135,0.09521836644467141,adaptive
2025-09-27,tomato,1.4570924740892472,67.25222772544436,10.848342727196806,0.21540200124534226,adaptive
2025-09-28,basil,0.8600083917887599,32.11433658142791,8.638089074594381,0.10767755470991945,adaptive
2025-09-28,lettuce,0.866019193991103,21.623292453259456,9.358725589858295,0.07514876533305265,adaptive
2025-09-28,tomato,1.490447217676087,53.64032913332111,9.441623347790081,0.2587049216012207,adaptive
2025-09-29,basil,1.0783741095893167,38.757291341652596,11.184696699766066,0.07491129149246777,adaptive
2025-09-29,lettuce,0.646525926462038,23.712865212693398,9.887971637196406,0.06281904198819234,adaptive
2025-09-29,tomato,1.4571817959330795,63.6006597052263,10.411884944102177,0.22613098592336175,adaptive
2025-09-30,basil,0.929824370918572,36.40321999003697,9.60389540108362,0.10326739720769837,adaptive
2025-09-30,lettuce,0.686418345560774,29.963479792832935,9.492879493474275,0.08257574973215638,adaptive
2025-09-30,tomato,1.4932077910980877,56.06399592801205,9.147570757810938,0.238439012214952,adaptive
2025-10-01,basil,1.0857125996911232,36.01101311273611,11.878905205024218,0.11574416386932042,adaptive
2025-10-01,lettuce,0.7775047115817245,18.033213527315652,10.784256754405138,0.08256708069967317,adaptive
2025-10-01,tomato,1.466303184699634,55.9239365006337,10.352367601134913,0.20518212956908252,adaptive
2025-10-02,basil,1.0132386809339,39.36140128774251,9.516507266025815,0.10987491613858391,adaptive
2025-10-02,lettuce,0.9752905170656883,22.391114225064122,10.182070206279688,0.06805579843567315,adaptive
2025-10-02,tomato,1.490063562425539,59.25234228418933,7.342367739472621,0.2591603787836548,adaptive
2025-10-03,basil,0.9474875781790075,42.9024085455282,10.689726630943735,0.1269732774334233,adaptive
2025-10-03,lettuce,0.8431778436157975,27.0841493132434,8.708621489204273,0.09094619877165484,adaptive
2025-10-03,tomato,1.6227413058639866,68.74633291575317,10.840227045801287,0.20114858671686814,adaptive
2025-10-04,basil,0.9126902303447557,42.90671224550086,10.11476295321347,0.0873588480319784,adaptive
2025-10-04,lettuce,0.7939599808687094,22.469638260279698,11.556631899896184,0.11359841957815481,adaptive
2025-10-04,tomato,1.4841291338842848,58.7244515890242,10.11159335022645,0.24198454016538865,adaptive
2025-10-05,basil,0.9530567559559737,38.11883848602494,10.138590260840262,0.1112815836081257,adaptive
2025-10-05,lettuce,0.8937996491579308,21.325297702898464,8.383915681116907,0.06787122139156503,adaptive
2025-10-05,tomato,1.571854796250667,57.36919121995464,8.459566717903462,0.18904036478206226,adaptive
2025-10-06,basil,1.0204452457979416,36.522296168110955,9.683015396857419,0.09641189947478392,adaptive
2025-10-06,lettuce,0.6928459976067931,27.99325573447419,11.572800042748785,0.044707638412806956,adaptive
2025-10-06,tomato,1.5052474580154787,61.180508428034685,8.953177272712882,0.19542401558378988,adaptive
2025-10-07,basil,0.9996185555879434,37.11033689666645,9.68222013834651,0.12398843460652037,adaptive
2025-10-07,lettuce,0.8060801915188145,20.109990909318984,9.974525662597916,0.06841475967257334,adaptive
2025-10-07,tomato,1.422902875242029,67.71700204497641,10.534762745809623,0.19310413052110184,adaptive
2025-10-08,basil,0.9706386940320942,37.68553598249416,11.314575833414231,0.10207942915946587,adaptive
2025-10-08,lettuce,0.844562590016303,20.557733409027584,10.757175378334068,0.06515391199594799,adaptive
2025-10-08,tomato,1.5453454330415566,62.0108243308436,9.583488208739094,0.18783710458941805,adaptive
2025-10-09,basil,1.0170270110323567,42.475328401893435,10.539361494589379,0.11050820474048031,adaptive
2025-10-09,lettuce,0.9617008031957982,29.43350569806123,9.793342974680423,0.07897070921461041,adaptive
2025-10-09,tomato,1.6102140011734805,60.67274146168922,9.583614452327254,0.21314981479783093,adaptive
2025-10-10,basil,1.0453860827969965,46.82821746182154,11.605629675923815,0.09120352291891101,adaptive
2025-10-10,lettuce,0.8358444913999986,18.732673554130624,8.131216491387686,0.03270578182159978,adaptive
2025-10-10,tomato,1.5741282315667535,61.401528720849726,11.010105569491785,0.22159887227723613,adaptive
2025-10-11,basil,1.0685561528062733,40.439274641637915,10.53916604512406,0.09661162454762835,adaptive
2025-10-11,lettuce,0.7237887643116556,22.216866332773257,9.387086386940561,0.052066574090685436,adaptive
2025-10-11,tomato,1.6295221291899573,56.2662145417859,8.379149943481018,0.2056565172126341,adaptive
2025-10-12,basil,1.115049193806195,36.915018877563654,9.389195872838098,0.11794769811929375,adaptive
2025-10-12,lettuce,0.8397626696407575,22.297367670292807,7.62185186926915,0.11077768238585677,adaptive
2025-10-12,tomato,1.4582926330344774,60.066080086594305,9.245003312164554,0.21538414323238925,adaptive
2025-10-13,basil,0.8211519376056318,42.49190847871655,10.580922202407134,0.09437592981987335,adaptive
2025-10-13,lettuce,0.7368850695784992,23.687268691992976,11.329214554673309,0.07765748952353563,adaptive
2025-10-13,tomato,1.5820092160363899,56.84822043463093,8.971172718455646,0.20049083275451926,adaptive
2025-10-14,basil,1.1616677844928565,43.90557904695669,10.888043554947338,0.1134235815591676,adaptive
2025-10-14,lettuce,0.6942302737032267,25.461257129289656,9.406806286319053,0.0676128002960331,adaptive
2025-10-14,tomato,1.6667176049400632,61.84602305890906,9.415297822706924,0.20418047785422594,adaptive
2025-10-15,basil,1.0461403857965696,36.68246426196822,10.704793629333551,0.09732989238033912,adaptive
2025-10-15,lettuce,1.0044770444950397,25.085067812665777,7.866131216586842,0.05423915184584313,adaptive
2025-10-15,tomato,1.2424270276785616,62.52958914846857,8.72997486412942,0.18882251919487525,adaptive
2025-10-16,basil,1.0891296550691747,43.630272281599915,8.559251239648367,0.07529012384639357,adaptive
2025-10-16,lettuce,0.8342029701042744,28.970178911977374,9.804397732553735,0.11102741673125996,adaptive
2025-10-16,tomato,1.6548470555322203,59.155617285596094,11.618496121690104,0.20918798566552732,adaptive
2025-10-17,basil,1.134795601406456,43.13078977410503,8.39949857068377,0.11908824299576364,adaptive
2025-10-17,lettuce,0.7829719419029124,34.68315087785695,9.6742238133012,0.11470934916198806,adaptive
2025-10-17,tomato,1.6463177929810437,58.01806957514332,10.94648069321265,0.21616907717707678,adaptive
2025-10-18,basil,1.005971460463743,30.449605549889704,10.967620875145895,0.0976512546267526,adaptive
2025-10-18,lettuce,0.892050896994161,25.721786020340872,7.4559837124323005,0.07403959902934434,adaptive
2025-10-18,tomato,1.4219029045494391,60.09372390706862,9.604676410978971,0.17664961743074772,adaptive
2025-10-19,basil,1.0797675848730937,41.17761852794499,11.71077976774272,0.13325755781247578,adaptive
2025-10-19,lettuce,0.7152515700259438,27.485357753267383,9.081797569013771,0.08753700734332842,adaptive
2025-10-19,tomato,1.4467166958147726,58.79478722516332,11.485226010155806,0.1851664598263467,adaptive
2025-10-20,basil,1.0404186623655434,35.27376386323988,9.795047239486468,0.11267579960171872,adaptive
2025-10-20,lettuce,0.8501864242891651,32.80875688462042,9.914159875233171,0.05920506589997671,adaptive
2025-10-20,tomato,1.5304461210327522,57.49988020709742,9.531568153886615,0.182594959684937,adaptive
2025-10-21,basil,1.0591501937670385,36.45244187325295,9.669630199347846,0.07952070889826206,adaptive
2025-10-21,lettuce,0.8009721001881426,19.25733626767228,10.328017598365829,0.03589343380213044,adaptive
2025-10-21,tomato,1.6249980739655219,58.78607665408828,9.700273280299673,0.23051747702370531,adaptive
2025-10-22,basil,1.0035127680993292,41.78184559842458,6.955206539115542,0.1164383347689635,adaptive
2025-10-22,lettuce,0.840376395568628,19.261551461996664,10.476586509486637,0.09632014436345507,adaptive
2025-10-22,tomato,1.505544700405837,64.56168705802173,11.184369984277486,0.22870682091742445,adaptive
2025-10-23,basil,1.170913577301247,39.64342166965633,8.08666885376367,0.11604385008030965,adaptive
2025-10-23,lettuce,0.7682203683394674,23.449634766118354,9.885004524375043,0.07736667251166103,adaptive
2025-10-23,tomato,1.4068326325568334,52.798467870649965,10.198696592310297,0.18332649843847415,adaptive
2025-10-24,basil,1.1589126054955468,34.514066174638664,10.499704326629828,0.11728761556062967,adaptive
2025-10-24,lettuce,0.8266456614004009,27.328732966384358,9.99808926867095,0.08822341404014614,adaptive
2025-10-24,tomato,1.5949826178191877,54.641159009321676,9.714432713811867,0.23167335613701498,adaptive
2025-10-25,basil,1.0934764188614068,40.15128678652764,11.24916068718776,0.10357166536491925,adaptive
2025-10-25,lettuce,0.7086129767706814,24.803136969201447,10.468583396352479,0.08028263502644682,adaptive
2025-10-25,tomato,1.5316923218728247,61.10013808853316,9.920465538434271,0.2167209680756329,adaptive
2025-10-26,basil,0.9303233864367866,36.7922404305532,10.823866048844524,0.059235909377674624,adaptive
2025-10-26,lettuce,0.8076146099501511,22.380113204798242,9.106877086749627,0.06347469042640874,adaptive
2025-10-26,tomato,1.4057440831928707,54.20866277869372,9.670837781031825,0.26305077797721765,adaptive
2025-10-27,basil,1.0778768874062705,35.62657677199536,10.24416873955387,0.11680948432206831,adaptive
2025-10-27,lettuce,0.8111071536550521,31.075677713043458,9.2595779508727,0.08310758539295034,adaptive
2025-10-27,tomato,1.4359551544324987,63.25099551575912,9.288480311284452,0.1973287784083618,adaptive
2025-10-28,basil,1.0468399449942454,41.551222793730574,9.520676701667046,0.11636898919940238,adaptive
2025-10-28,lettuce,0.810221623703897,26.37461168093268,8.017488041909909,0.0751797611749902,adaptive
2025-10-28,tomato,1.422446716818295,61.21105351683832,10.52412975267399,0.23217412554234257,adaptive
2025-10-29,basil,0.9854179289861636,44.55969756002798,10.333828030219784,0.07675692410174466,adaptive
2025-10-29,lettuce,0.8483811158370808,26.792226377226754,7.550213540565548,0.06881909652402249,adaptive
2025-10-29,tomato,1.3649389239861347,53.928556261001866,8.735986004158233,0.18832341007453102,adaptive
2025-10-30,basil,1.1489151142566811,36.46191161516578,8.730955374079295,0.1285812785462006,adaptive
2025-10-30,lettuce,0.8587447022462702,15.69086029825479,10.853938395954872,0.08292819295673855,adaptive
2025-10-30,tomato,1.4816188793050438,53.35552724574032,9.077951437944972,0.21337320497453888,adaptive
2025-10-31,basil,0.7493885148672477,38.622562835595566,7.511715812099663,0.10356370296982995,adaptive
2025-10-31,lettuce,0.768691280138542,27.496973997477713,9.39748021586466,0.0851635805371797,adaptive
2025-10-31,tomato,1.499507258621348,61.67946197454254,10.43553755373326,0.21917332313236343,adaptive
2025-11-01,basil,1.0185071207047338,45.11052428258616,10.57523467444383,0.12011145647621248,adaptive
2025-11-01,lettuce,0.9010252652698558,16.98249820489764,9.25520680318571,0.052637250405117776,adaptive
2025-11-01,tomato,1.5326815488240058,57.973301981607484,10.238691939603783,0.22522393627462503,adaptive
2025-11-02,basil,1.0577171006785544,41.405919146300945,9.274904385164477,0.0945900281451739,adaptive
2025-11-02,lettuce,0.8121426292951234,27.316667890017538,8.874499216942217,0.08004768317990126,adaptive
2025-11-02,tomato,1.5635605894369475,50.889205089934215,10.20734735288533,0.22639843371993543,adaptive
2025-11-03,basil,1.1252594316275775,45.987282257503786,10.504254920878202,0.1323050220112427,adaptive
2025-11-03,lettuce,0.7527432761647378,28.828748818479376,10.119748043245778,0.10328509495099565,adaptive
2025-11-03,tomato,1.5096726806280336,65.05443086090172,7.628348308852026,0.19442650205355136,adaptive
2025-11-04,basil,0.9044891830401245,38.842596227696326,9.490517174617908,0.06890168362083599,adaptive
2025-11-04,lettuce,0.8723994177308658,24.71672537150897,9.441432025175663,0.0920722236259457,adaptive
2025-11-04,tomato,1.5159615772713826,58.14976550976052,11.157948639463145,0.1998673043752368,adaptive
2025-11-05,basil,1.181243030760838,38.28825143955646,10.854388279351223,0.12713706379112558,adaptive
2025-11-05,lettuce,0.5909801574393074,29.397332950450668,10.566305778146353,0.08229687870672514,adaptive
2025-11-05,tomato,1.6577648279394817,60.22925941787164,10.47223163587758,0.19272123114202763,adaptive
2025-11-06,basil,0.9922927817834211,38.73421422863641,9.398209245170495,0.0762160784767973,adaptive
2025-11-06,lettuce,0.7879228322603741,21.208515256086333,10.82961468278195,0.07490090062150809,adaptive
2025-11-06,tomato,1.436550018956201,56.759838670205895,9.68184485724922,0.22656577844257436,adaptive
2025-11-07,basil,0.949652655270123,41.315682171166294,8.098152077945503,0.11829419133949665,adaptive
2025-11-07,lettuce,0.8406088488084246,20.73738557293268,12.188074005226605,0.0855482415058212,adaptive
2025-11-07,tomato,1.6109674997374408,58.33619757944513,9.088729806319165,0.2176291097389538,adaptive
2025-11-08,basil,0.9284592265850913,47.19129619363683,8.91052606536592,0.08507553760296839,adaptive
2025-11-08,lettuce,0.8351510237162189,25.19724335266127,8.895371656729886,0.07515697782339631,adaptive
2025-11-08,tomato,1.6091916775484585,55.11027356420951,11.045503511775928,0.20995335819564334,adaptive
2025-11-09,basil,1.1043705334578835,40.22979556636294,10.169081017408658,0.0747503662675751,adaptive
2025-11-09,lettuce,0.842588427544925,19.430046547436266,10.093733752089575,0.09959363701816899,adaptive
2025-11-09,tomato,1.4824883428075926,68.73158243109742,11.184148102368425,0.23811164703126048,adaptive
2025-11-10,basil,0.9418257712025667,43.1248071102578,10.54901696845835,0.10643722003489005,adaptive
2025-11-10,lettuce,0.9177695955071624,29.79673146545585,9.684577490521358,0.11976111940329986,adaptive
2025-11-10,tomato,1.7094146028905042,54.40000696989001,11.47112511882928,0.2393424149127714,adaptive
2025-11-11,basil,1.1414677518257588,38.23110550841991,10.478892154496206,0.12365595460150039,adaptive
2025-11-11,lettuce,0.829507379182673,25.753003501703812,10.251478748402773,0.09113817725099994,adaptive
2025-11-11,tomato,1.4033219336878717,59.789041866740355,10.506313274638181,0.2239457982337633,adaptive
2025-11-12,basil,0.9603096296604375,41.97254756457869,10.178603142144864,0.09179008137424317,adaptive
2025-11-12,lettuce,0.7679311869766368,30.07535300871808,10.188223057725555,0.08636906813860136,adaptive
2025-11-12,tomato,1.5974015161247963,56.060421977587104,9.632115384771128,0.18676652619222822,adaptive
2025-11-13,basil,0.9862242005140908,40.36753098572348,7.063799916291344,0.057163870192784794,adaptive
2025-11-13,lettuce,0.8519741630568425,29.248951722910842,10.74054263054925,0.07259316608006089,adaptive
2025-11-13,tomato,1.354919725673885,54.49973863666694,9.867960198274398,0.1941636312261955,adaptive
2025-11-14,basil,1.0146084387653729,42.195340168569594,10.862613925252651,0.0991967115129124,adaptive
2025-11-14,lettuce,0.8199414757595986,23.092365848261174,11.397738012343433,0.08668001059603227,adaptive
2025-11-14,tomato,1.5194336885563529,59.47305826423505,11.512511813971942,0.20042054625248656,adaptive
2025-11-15,basil,1.1883547888714583,41.91354769920947,10.510917092190187,0.10981251806907376,adaptive
2025-11-15,lettuce,0.7386868251401947,16.34516910443059,9.758243476275187,0.10377377351588662,adaptive
2025-11-15,tomato,1.655359666460606,59.01498210772961,10.126019585968583,0.2107641063953582,adaptive
2025-11-16,basil,1.0685402153205283,40.347033970682304,7.824794214174702,0.1110051812539104,adaptive
2025-11-16,lettuce,0.7280403260918982,30.382081701521866,10.003217814455827,0.07813719940506186,adaptive
2025-11-16,tomato,1.5869264219440327,61.41198910127585,11.308481569498277,0.1949811149816021,adaptive
2025-11-17,basil,1.027736952745025,38.299047155722945,9.256938274968388,0.09405209211999545,adaptive
2025-11-17,lettuce,0.5833056441059307,20.16860023965209,10.80631043203286,0.07112686254685331,adaptive
2025-11-17,tomato,1.3585209990644993,60.60640796478851,10.533533503307563,0.20766861543631768,adaptive
2025-11-18,basil,1.0124611809640742,38.16618951102789,9.795736031328465,0.1026706484055994,adaptive
2025-11-18,lettuce,0.9644992823819515,22.078232987494747,9.77458574204911,0.08655597480469844,adaptive
2025-11-18,tomato,1.4709980943666368,55.31505581053982,10.043106120231242,0.19697541116115136,adaptive
2025-11-19,basil,0.8679773911034601,45.282450718605645,10.71630593319335,0.08864683362322245,adaptive
2025-11-19,lettuce,0.8572359448168261,28.457696322483578,9.151432260568573,0.12381320946391544,adaptive
2025-11-19,tomato,1.35018069990268,63.42539770931935,10.007180169381476,0.23401203165522694,adaptive
2025-11-20,basil,0.9502426884493258,43.932545574952556,9.930138727828979,0.07839187126336249,adaptive
2025-11-20,lettuce,0.7934127940730451,27.442484033435036,9.767838544838012,0.039889958788826785,adaptive
2025-11-20,tomato,1.455543383033268,54.16437179229215,10.171975975610138,0.20133835167288014,adaptive
2025-11-21,basil,0.9569127610030113,38.27504852189529,8.771050512426989,0.10781722098677697,adaptive
2025-11-21,lettuce,0.824417710327014,38.49908813098059,11.12136690837587,0.09866045957869125,adaptive
2025-11-21,tomato,1.6328572673507544,69.42777948525617,10.630696510064602,0.1974456299274984,adaptive
2025-11-22,basil,0.8710718526803614,44.818875861154226,9.356281941606737,0.06458068244626165,adaptive
2025-11-22,lettuce,0.641926719304882,26.96945959905998,8.618749575153663,0.10457755393513204,adaptive
2025-11-22,tomato,1.3863960182863182,64.66182183852501,10.02494309431096,0.20892660067314614,adaptive
